Word,Relatedness,Letters,Phonemes,Syllables,Raw_freq,Log_freq,N,Log_bigram,Senses1,Senses2,SemD,Imageability,Concreteness,AoA,Familiarity,#nouns,#verbs,#adjectives
angle,2.03,5,4,2,24.37,1.39,1,2.30,12,8,1.63,5.03,4.67,8.05,5.18,6,5,0
arch,1.83,4,2,1,10.09,1.00,1,2.45,6,7,1.71,6.04,5.12,8.26,4.63,2,3,1
bay,2.93,3,2,1,37.21,1.57,21,3.12,3,10,1.71,5.70,5.80,8.67,4.74,3,0,0
bear,1.57,4,3,1,58.65,1.77,18,3.44,13,15,2.11,5.72,5.85,3.58,5.26,4,8,1
blow,3.97,4,3,1,32.78,1.52,8,2.66,17,29,1.95,3.99,3.97,4.00,5.36,5,12,0
buffer,2.57,6,5,2,7.64,0.88,2,2.55,7,8,1.34,4.59,5.09,12.37,4.02,5,2,0
bush,2.03,4,3,1,40.70,1.61,9,2.88,6,9,1.47,5.49,5.85,4.90,5.32,5,1,0
bust,1.87,4,4,1,7.26,0.86,11,3.22,12,10,1.70,4.30,-,9.23,3.93,7,4,1
calf,2.07,4,3,1,6.85,0.84,3,3.07,3,4,1.49,5.59,5.92,6.63,4.54,3,0,0
camp,1.77,4,4,1,36.69,1.56,6,2.98,10,12,1.71,5.88,5.71,5.78,5.41,5,3,1
cape,1.73,4,3,1,10.88,1.04,14,2.68,2,2,1.51,5.20,5.81,6.90,4.28,2,0,0
card,2.27,4,3,1,53.01,1.72,12,3.19,6,13,1.67,5.76,5.65,6.20,5.62,5,1,0
chord,2.10,5,3,1,6.21,0.79,2,3.03,5,4,1.11,-,-,9.71,-,4,2,0
clock,1.80,5,4,1,29.51,1.47,7,2.90,4,2,1.75,6.40,5.91,4.42,6.36,2,2,0
corn,1.53,4,3,1,11.84,1.07,10,3.20,8,9,1.45,5.80,5.76,4.61,4.69,5,2,0
crash,1.60,5,4,1,26.73,1.43,5,2.83,18,17,1.64,5.34,-,6.11,5.13,5,9,1
dam,1.47,3,3,1,6.81,0.83,11,2.30,5,4,1.53,-,-,6.58,3.20,3,2,0
ear,1.93,3,2,1,29.59,1.47,11,2.68,6,5,1.73,5.97,6.40,3.63,5.60,5,1,0
egg,1.60,3,2,1,24.16,1.38,1,1.62,5,5,1.44,5.99,6.13,3.89,6.08,4,1,0
fan,1.63,3,3,1,18.09,1.26,16,3.16,8,7,1.69,5.82,5.57,5.63,5.20,3,0,5
fleet,2.63,5,4,1,24.66,1.39,2,2.75,8,7,1.54,3.52,5.20,10.74,4.01,3,4,1
flight,4.63,6,4,1,56.02,1.75,5,2.62,7,12,1.50,4.87,-,7.47,5.31,7,0,0
flock,2.47,5,4,1,8.10,0.91,5,2.82,9,7,1.63,5.16,4.77,7.18,4.34,6,3,0
fly,5.53,3,3,1,39.88,1.60,6,1.75,15,20,1.62,5.82,5.25,3.05,5.37,6,9,0
forge,2.13,5,3,1,4.92,0.69,4,2.99,9,9,1.91,2.86,-,9.80,4.08,2,7,0
fry,2.13,3,3,0,12.30,1.09,9,1.95,10,6,1.28,-,-,5.79,4.87,6,4,0
gin,1.67,3,3,1,5.73,0.76,13,1.71,4,6,1.47,5.55,6.39,12.06,5.21,4,1,0
hide,1.63,4,3,1,26.39,1.42,10,2.93,6,6,1.83,4.30,4.51,4.47,5.15,2,4,0
hiding,1.83,6,5,2,14.58,1.16,5,2.95,3,1,1.78,-,-,-,-,3,0,0
host,3.33,4,4,1,34.33,1.54,8,3.40,6,11,1.96,-,-,8.05,-,5,1,0
jam,2.23,3,3,1,9.82,0.99,12,1.66,13,11,1.60,5.69,5.63,6.56,5.29,4,9,0
keen,1.77,4,3,1,38.02,1.58,5,3.50,5,6,2.08,2.30,3.36,10.70,5.62,1,1,3
launch,4.37,6,4,1,34.02,1.53,2,2.68,8,8,1.86,4.02,-,7.92,4.63,3,5,0
lawn,2.27,4,3,1,10.59,1.02,7,2.86,2,1,1.42,5.98,5.88,5.45,5.01,2,0,0
lean,1.70,4,3,1,13.41,1.13,11,3.37,11,10,1.73,3.39,3.95,7.17,4.91,3,5,0
limp,4.07,4,4,1,5.62,0.75,6,3.05,5,5,1.59,4.18,4.81,7.16,4.50,1,2,2
lock,1.43,4,3,1,24.19,1.38,14,2.95,12,15,1.67,5.32,5.65,5.74,5.88,6,6,0
mail,1.53,4,3,1,36.05,1.56,15,3.22,6,7,1.70,5.65,5.08,4.65,5.94,4,2,0
mat,3.80,3,3,1,5.61,0.75,22,3.06,9,10,1.85,5.37,5.13,4.62,4.90,6,5,1
mate,1.90,4,4,2,15.66,1.19,19,3.12,12,12,1.60,4.72,5.07,8.67,6.40,6,5,0
meal,3.93,4,3,1,42.72,1.63,12,3.11,3,3,1.58,5.73,6.02,4.74,6.03,3,0,0
mint,1.47,4,4,1,7.22,0.86,10,3.23,7,7,1.47,4.85,-,5.94,5.25,4,2,1
mortar,3.03,6,5,2,6.50,0.81,1,2.63,6,4,1.28,4.49,5.48,11.90,3.68,5,1,0
mount,5.07,5,4,1,18.56,1.27,4,3.36,11,13,1.95,3.76,-,8.53,4.56,3,8,0
novel,2.40,5,4,2,44.94,1.65,2,2.89,2,4,1.34,5.47,5.29,9.50,5.30,1,0,1
pack,2.20,4,3,1,33.68,1.53,15,3.33,17,22,1.82,4.04,-,6.55,5.72,5,11,1
pad,3.30,3,3,1,7.29,0.86,19,3.12,14,11,1.75,-,-,8.83,-,10,4,0
palm,1.93,4,3,1,13.87,1.14,5,2.88,7,5,1.59,5.55,5.96,6.00,5.15,5,2,0
peel,2.60,4,3,1,7.79,0.89,8,2.79,7,6,1.46,4.75,4.32,2.83,4.23,2,5,0
peer,1.97,4,3,1,9.36,0.97,11,3.00,4,3,1.81,3.11,4.06,10.21,4.85,2,2,0
pen,1.53,3,3,1,20.00,1.30,20,2.80,7,6,1.76,5.76,5.71,5.11,5.54,5,2,0
pet,1.80,3,3,1,14.50,1.16,22,3.02,8,7,1.39,5.89,5.57,4.05,5.41,3,3,2
pine,1.57,4,3,1,11.01,1.04,18,3.03,4,3,1.47,4.78,5.92,5.53,4.62,2,2,0
pink,1.40,4,4,1,33.22,1.52,12,2.80,8,7,1.54,-,-,3.80,-,3,3,2
pit,2.17,3,3,1,17.47,1.24,18,2.27,16,11,1.67,5.89,5.93,6.14,4.93,11,5,0
plane,4.23,5,4,1,36.20,1.56,6,3.03,10,9,1.58,5.56,5.35,4.95,5.58,5,3,2
plot,1.63,4,4,1,22.07,1.34,6,2.53,8,7,1.67,4.20,3.79,8.65,5.15,3,5,0
plump,3.80,5,5,1,6.34,0.80,5,2.23,11,7,1.49,5.00,-,8.21,4.45,2,4,2
pool,2.40,4,3,1,48.08,1.68,9,2.88,11,11,1.64,5.77,5.73,5.15,5.41,8,3,0
pose,2.10,4,3,1,11.94,1.08,12,3.04,8,9,2.02,3.64,-,7.89,4.56,2,6,0
prop,3.33,4,4,1,6.39,0.81,9,2.66,6,4,1.29,2.51,4.74,10.83,4.65,4,2,0
pulse,1.70,5,4,1,11.14,1.05,1,2.33,7,7,1.49,4.33,-,10.21,4.86,6,1,0
pump,1.43,4,4,1,12.59,1.10,9,2.26,13,11,1.54,5.03,5.56,6.06,5.00,2,11,0
pupil,1.53,5,5,2,24.72,1.39,0,2.04,2,3,1.28,5.72,5.70,8.06,5.47,2,0,0
rail,1.77,4,3,1,41.17,1.61,12,2.96,5,15,1.43,4.99,5.40,7.89,5.30,4,2,0
rank,1.57,4,4,1,24.57,1.39,13,2.91,14,13,1.88,2.48,-,9.42,4.71,5,5,4
ray,1.50,3,2,1,21.40,1.33,19,2.96,4,10,1.79,5.56,4.70,6.73,4.80,4,0,0
rear,1.87,4,3,1,29.82,1.47,14,3.26,9,11,1.57,3.67,4.02,6.89,4.78,4,4,1
reef,2.37,4,3,1,5.50,0.74,4,2.72,4,5,1.09,4.85,-,9.72,4.99,3,1,0
repair,2.37,6,5,2,24.31,1.39,1,2.47,8,8,1.76,4.40,3.94,7.81,5.43,4,4,0
sack,2.83,4,3,1,10.41,1.02,14,3.48,10,13,1.80,5.55,5.82,5.83,4.71,8,3,0
scrap,1.97,5,5,1,8.24,0.92,2,2.07,8,7,1.96,4.25,-,7.68,5.01,4,2,2
seal,1.30,4,3,1,14.78,1.17,13,3.18,14,15,1.81,6.07,5.87,5.42,4.58,9,5,0
settle,1.87,6,4,2,26.74,1.43,5,3.30,13,23,2.09,-,-,8.26,-,1,12,0
shed,1.93,4,3,1,21.40,1.33,5,3.33,8,6,1.35,6.02,6.11,7.33,5.24,1,7,0
sheer,2.10,5,3,1,22.61,1.35,7,3.51,6,8,1.98,3.34,3.97,9.63,4.32,1,2,3
soil,4.27,4,3,1,45.57,1.66,6,2.72,10,5,1.36,5.66,5.81,6.48,5.16,7,3,0
spill,1.80,5,4,1,5.13,0.71,6,2.91,11,9,1.70,-,-,3.84,-,5,6,0
spray,2.60,5,4,1,10.25,1.01,2,2.28,10,9,1.53,5.59,5.14,5.80,5.21,6,4,0
squash,2.17,6,5,1,6.03,0.78,0,2.19,10,4,1.38,4.83,-,6.94,5.33,5,5,0
stable,2.33,6,5,2,36.90,1.57,1,2.89,7,7,1.93,5.37,5.62,8.90,5.19,2,2,4
stake,2.00,5,4,1,22.85,1.36,9,2.80,12,9,1.69,4.69,5.40,8.47,4.73,7,5,0
stall,2.13,5,4,1,7.84,0.89,5,3.21,18,14,1.68,4.41,-,7.75,4.83,9,9,0
stern,1.87,5,4,1,8.58,0.93,1,2.97,3,7,1.74,3.29,3.49,9.47,4.54,1,0,2
stick,4.80,5,4,1,38.16,1.58,5,3.30,23,26,1.89,4.44,6.04,3.89,5.32,7,14,0
stir,1.43,4,4,1,12.61,1.10,1,2.17,12,11,1.40,4.75,-,5.58,5.50,3,8,0
strand,2.00,6,6,1,9.82,0.99,0,2.91,10,7,1.76,3.56,4.42,8.39,4.79,5,5,0
strip,2.20,5,5,1,20.79,1.32,1,2.12,9,19,1.80,4.64,-,7.65,5.05,2,7,0
tap,2.07,3,3,1,20.99,1.32,18,2.17,16,20,1.66,5.41,5.38,5.84,5.67,8,8,0
temple,1.87,6,5,2,22.92,1.36,0,2.97,5,4,1.44,5.47,5.65,8.79,4.50,6,0,0
tend,3.23,4,4,1,60.59,1.78,8,3.18,4,3,2.01,-,-,9.79,4.77,4,0,0
tense,2.10,5,4,1,14.15,1.15,4,2.92,6,8,1.68,2.86,3.65,9.35,5.32,2,2,3
toast,1.77,5,4,1,10.40,1.02,3,2.95,9,6,1.47,5.94,5.82,4.67,5.71,4,5,0
toll,1.90,4,3,1,8.81,0.94,12,3.36,7,5,1.92,3.02,4.24,8.37,4.13,4,3,0
trace,2.03,5,4,1,24.15,1.38,7,3.17,12,14,2.01,2.39,3.71,6.84,4.80,5,7,0
utter,2.53,5,4,2,7.38,0.87,1,2.49,2,6,1.74,3.70,3.65,9.00,4.80,0,1,1
vault,2.07,5,4,1,4.54,0.66,1,2.74,11,6,1.09,5.50,5.50,9.16,4.45,5,6,0
verse,2.87,5,3,1,13.56,1.13,3,2.77,5,5,1.16,4.89,5.00,8.17,4.83,4,1,0
wax,1.87,4,4,1,6.70,0.83,9,3.08,8,4,1.63,5.47,5.69,3.31,4.94,4,4,0
yard,2.63,4,3,1,32.91,1.52,7,2.63,6,9,1.66,5.68,5.53,3.94,5.22,5,1,0
